{"userId":"614d639d1b48ea00161e3f97","knowledgebaseId":"614d639d1b48ea00161e3f97","name":"Fawwaz","exportDate":"2021-09-26T09:38:45.642Z","exportVersion":1,"documentRemToExportId":"dYazpgjaaaH7SrfCK","docs":[{"owner":"614d639d1b48ea00161e3f97","e":1632565046350,"c":"f","rId":"hmLRhShNcpwKhfhWL","n":1632565046350,"a":1632565046350,"d":1632565046350,"createdAt":1632565046350,"u":1632565046350,"_id":"bQ3GErmdjpisyd6kZ"},{"owner":"614d639d1b48ea00161e3f97","e":1632565046350,"c":"b","rId":"hmLRhShNcpwKhfhWL","n":1632571167189,"a":1632571167189,"d":1632571167189,"createdAt":1632565046350,"u":1632571167219,"s":1632571187288,"_id":"hs9KheezGgEt3c68d","h":[{"date":1632571167189,"score":0,"responseTime":10369,"revealTime":5840,"scheduled":1632565046350,"isCram":true,"subQueueId":"dYazpgjaaaH7SrfCK","metadata":{"mobile":"UnknownPhone","showBadge":true,"cardsInSession":7,"cardsToday":7,"remainingCards":26},"schedulerMetadata":{"clusterPosition":2,"treePosition":2,"clusterRootPosition":0,"clusterType":"extra","howChoseLastCluster":"extra","clusterSize":1,"noHierarchy":true,"fromTree":true},"lazyLoad":true,"scheduler":4}],"t":1,"l":1632571167219},{"owner":"614d639d1b48ea00161e3f97","e":1632565065632,"c":"b","rId":"kuHntP6XjY4iik8Wo","n":1632565065632,"a":1632565065632,"d":1632565065632,"createdAt":1632565065632,"u":1632565065632,"_id":"fgnNahyCEeFqWrdaT"},{"owner":"614d639d1b48ea00161e3f97","e":1632565065632,"c":"f","rId":"kuHntP6XjY4iik8Wo","n":1632565065632,"a":1632565065632,"d":1632565065632,"createdAt":1632565065632,"u":1632565065632,"_id":"t4NQuP7kWpPzEXif3"},{"owner":"614d639d1b48ea00161e3f97","e":1632648726279,"c":"f","rId":"kuHntP6XjY4iik8Wo","n":1632648726279,"a":1632648726279,"d":1632648726279,"createdAt":1632648726279,"u":1632648726279,"_id":"ibJbtKnku3z4o389B"},{"owner":"614d639d1b48ea00161e3f97","e":1632648726279,"c":"b","rId":"kuHntP6XjY4iik8Wo","n":1632648726279,"a":1632648726279,"d":1632648726279,"createdAt":1632648726279,"u":1632648726279,"_id":"sqJueeEPuLSHXjdpm"},{"owner":"614d639d1b48ea00161e3f97","e":1632565065632,"c":"b","rId":"kuHntP6XjY4iik8Wo","n":1632565065632,"a":1632565065632,"d":1632565065632,"createdAt":1632565065632,"u":1632565065632,"_id":"fgnNahyCEeFqWrdaT"},{"owner":"614d639d1b48ea00161e3f97","e":1632565065632,"c":"f","rId":"kuHntP6XjY4iik8Wo","n":1632565065632,"a":1632565065632,"d":1632565065632,"createdAt":1632565065632,"u":1632565065632,"_id":"t4NQuP7kWpPzEXif3"},{"owner":"614d639d1b48ea00161e3f97","e":1632648726279,"c":"f","rId":"kuHntP6XjY4iik8Wo","n":1632648726279,"a":1632648726279,"d":1632648726279,"createdAt":1632648726279,"u":1632648726279,"_id":"ibJbtKnku3z4o389B"},{"owner":"614d639d1b48ea00161e3f97","e":1632648726279,"c":"b","rId":"kuHntP6XjY4iik8Wo","n":1632648726279,"a":1632648726279,"d":1632648726279,"createdAt":1632648726279,"u":1632648726279,"_id":"sqJueeEPuLSHXjdpm"},{"owner":"614d639d1b48ea00161e3f97","e":1632565119940,"c":"f","rId":"fgsZp3g2aRJQyRt3J","n":1632565119940,"a":1632565119940,"d":1632565119940,"createdAt":1632565119940,"u":1632565119940,"_id":"n6MaZBBmyxSwH274A"},{"owner":"614d639d1b48ea00161e3f97","e":1632565119940,"c":"b","rId":"fgsZp3g2aRJQyRt3J","n":1632648694121,"a":1632648694121,"d":1632648694121,"createdAt":1632565119940,"u":1632648694127,"s":1632571187288,"_id":"teo7CK38B4HF8zios","h":[{"date":1632571156659,"score":0,"responseTime":13310,"revealTime":9655,"scheduled":1632565119940,"isCram":true,"subQueueId":"dYazpgjaaaH7SrfCK","metadata":{"mobile":"UnknownPhone","showBadge":true,"cardsInSession":6,"cardsToday":6,"remainingCards":26},"schedulerMetadata":{"clusterPosition":1,"treePosition":1,"clusterRootPosition":0,"clusterType":"extra","howChoseLastCluster":"extra","clusterSize":1,"noHierarchy":true,"fromTree":true},"lazyLoad":true,"scheduler":4},{"date":1632648694121,"score":0,"responseTime":8222,"revealTime":4381,"scheduled":1632571156659,"isCram":true,"subQueueId":"dYazpgjaaaH7SrfCK","metadata":{"mobile":null,"showBadge":true,"cardsInSession":6,"cardsToday":6,"remainingCards":25},"schedulerMetadata":{"clusterPosition":1,"treePosition":1,"clusterRootPosition":0,"clusterType":"extra","howChoseLastCluster":"extra","clusterSize":1,"noHierarchy":true,"fromTree":true},"lazyLoad":false,"scheduler":2}],"t":2,"l":1632648694127},{"owner":"614d639d1b48ea00161e3f97","e":1632565065632,"c":"b","rId":"kuHntP6XjY4iik8Wo","n":1632565065632,"a":1632565065632,"d":1632565065632,"createdAt":1632565065632,"u":1632565065632,"_id":"fgnNahyCEeFqWrdaT"},{"owner":"614d639d1b48ea00161e3f97","e":1632565065632,"c":"f","rId":"kuHntP6XjY4iik8Wo","n":1632565065632,"a":1632565065632,"d":1632565065632,"createdAt":1632565065632,"u":1632565065632,"_id":"t4NQuP7kWpPzEXif3"},{"owner":"614d639d1b48ea00161e3f97","e":1632648726279,"c":"f","rId":"kuHntP6XjY4iik8Wo","n":1632648726279,"a":1632648726279,"d":1632648726279,"createdAt":1632648726279,"u":1632648726279,"_id":"ibJbtKnku3z4o389B"},{"owner":"614d639d1b48ea00161e3f97","e":1632648726279,"c":"b","rId":"kuHntP6XjY4iik8Wo","n":1632648726279,"a":1632648726279,"d":1632648726279,"createdAt":1632648726279,"u":1632648726279,"_id":"sqJueeEPuLSHXjdpm"},{"owner":"614d639d1b48ea00161e3f97","e":1632565131111,"c":"f","rId":"dfWmgMQNFd9L9vNpW","n":1632571143154,"a":1632571143154,"d":1632571143154,"createdAt":1632565131111,"u":1632571143183,"s":1632571187288,"_id":"4gbXWpohKKCK2meso","h":[{"date":1632571143154,"score":0,"responseTime":145264,"revealTime":7277,"scheduled":1632565131111,"isCram":true,"subQueueId":"dYazpgjaaaH7SrfCK","metadata":{"mobile":"UnknownPhone","showBadge":true,"cardsInSession":5,"cardsToday":5,"remainingCards":26},"schedulerMetadata":{"clusterPosition":0,"treePosition":0,"clusterRootPosition":0,"clusterType":"extra","howChoseLastCluster":"extra","clusterSize":1,"noHierarchy":true,"fromTree":true},"lazyLoad":true,"scheduler":4}],"t":1,"l":1632571143183},{"owner":"614d639d1b48ea00161e3f97","e":1632565131111,"c":"b","rId":"dfWmgMQNFd9L9vNpW","n":1632648685873,"a":1632648685873,"d":1632648685873,"createdAt":1632565131111,"u":1632648685879,"_id":"D8T2b3WnLzuJq6NMC","h":[{"date":1632648685873,"score":0,"responseTime":34332,"revealTime":5427,"scheduled":1632565131111,"isCram":true,"subQueueId":"dYazpgjaaaH7SrfCK","metadata":{"mobile":null,"showBadge":true,"cardsInSession":5,"cardsToday":5,"remainingCards":25},"schedulerMetadata":{"clusterPosition":0,"treePosition":0,"clusterRootPosition":0,"clusterType":"extra","howChoseLastCluster":"extra","clusterSize":1,"noHierarchy":true,"fromTree":true},"lazyLoad":false,"scheduler":2}],"t":1,"l":1632648685879},{"owner":"614d639d1b48ea00161e3f97","e":1632560770852,"c":"f","rId":"ku9CmxTmp4ABjyxBm","n":1632560770852,"a":1632560770852,"d":1632560770852,"createdAt":1632560770852,"u":1632560770852,"_id":"vCRsicnkFGWzcYfH6"},{"owner":"614d639d1b48ea00161e3f97","e":1632560770852,"c":"b","rId":"ku9CmxTmp4ABjyxBm","n":1632572557150,"a":1632572557150,"d":1632572557150,"createdAt":1632560770852,"u":1632572557154,"s":1632572732210,"_id":"27wNf5qH5YWiPNgor","h":[{"date":1632571172155,"score":0,"responseTime":4645,"revealTime":2606,"scheduled":1632560770852,"isCram":true,"subQueueId":"dYazpgjaaaH7SrfCK","metadata":{"mobile":"UnknownPhone","showBadge":true,"cardsInSession":8,"cardsToday":8,"remainingCards":26},"schedulerMetadata":{"clusterPosition":3,"treePosition":3,"clusterRootPosition":0,"clusterType":"extra","howChoseLastCluster":"extra","clusterSize":1,"noHierarchy":true,"fromTree":true},"lazyLoad":true,"scheduler":4},{"date":1632572557150,"score":0,"responseTime":11687,"revealTime":9644,"scheduled":1632571172155,"isCram":true,"subQueueId":"dYazpgjaaaH7SrfCK","metadata":{"mobile":"UnknownPhone","showBadge":true,"cardsInSession":18,"cardsToday":18,"remainingCards":25},"schedulerMetadata":{"clusterPosition":0,"treePosition":0,"clusterRootPosition":0,"clusterType":"extra","howChoseLastCluster":"extra","clusterSize":1,"noHierarchy":true,"fromTree":true},"lazyLoad":true,"scheduler":4}],"t":2,"l":1632572557154},{"owner":"614d639d1b48ea00161e3f97","e":1632560770852,"c":"f","rId":"ku9CmxTmp4ABjyxBm","n":1632560770852,"a":1632560770852,"d":1632560770852,"createdAt":1632560770852,"u":1632560770852,"_id":"vCRsicnkFGWzcYfH6"},{"owner":"614d639d1b48ea00161e3f97","e":1632560770852,"c":"b","rId":"ku9CmxTmp4ABjyxBm","n":1632572557150,"a":1632572557150,"d":1632572557150,"createdAt":1632560770852,"u":1632572557154,"s":1632572732210,"_id":"27wNf5qH5YWiPNgor","h":[{"date":1632571172155,"score":0,"responseTime":4645,"revealTime":2606,"scheduled":1632560770852,"isCram":true,"subQueueId":"dYazpgjaaaH7SrfCK","metadata":{"mobile":"UnknownPhone","showBadge":true,"cardsInSession":8,"cardsToday":8,"remainingCards":26},"schedulerMetadata":{"clusterPosition":3,"treePosition":3,"clusterRootPosition":0,"clusterType":"extra","howChoseLastCluster":"extra","clusterSize":1,"noHierarchy":true,"fromTree":true},"lazyLoad":true,"scheduler":4},{"date":1632572557150,"score":0,"responseTime":11687,"revealTime":9644,"scheduled":1632571172155,"isCram":true,"subQueueId":"dYazpgjaaaH7SrfCK","metadata":{"mobile":"UnknownPhone","showBadge":true,"cardsInSession":18,"cardsToday":18,"remainingCards":25},"schedulerMetadata":{"clusterPosition":0,"treePosition":0,"clusterRootPosition":0,"clusterType":"extra","howChoseLastCluster":"extra","clusterSize":1,"noHierarchy":true,"fromTree":true},"lazyLoad":true,"scheduler":4}],"t":2,"l":1632572557154},{"owner":"614d639d1b48ea00161e3f97","e":1632560770852,"c":"f","rId":"ku9CmxTmp4ABjyxBm","n":1632560770852,"a":1632560770852,"d":1632560770852,"createdAt":1632560770852,"u":1632560770852,"_id":"vCRsicnkFGWzcYfH6"},{"owner":"614d639d1b48ea00161e3f97","e":1632560770852,"c":"b","rId":"ku9CmxTmp4ABjyxBm","n":1632572557150,"a":1632572557150,"d":1632572557150,"createdAt":1632560770852,"u":1632572557154,"s":1632572732210,"_id":"27wNf5qH5YWiPNgor","h":[{"date":1632571172155,"score":0,"responseTime":4645,"revealTime":2606,"scheduled":1632560770852,"isCram":true,"subQueueId":"dYazpgjaaaH7SrfCK","metadata":{"mobile":"UnknownPhone","showBadge":true,"cardsInSession":8,"cardsToday":8,"remainingCards":26},"schedulerMetadata":{"clusterPosition":3,"treePosition":3,"clusterRootPosition":0,"clusterType":"extra","howChoseLastCluster":"extra","clusterSize":1,"noHierarchy":true,"fromTree":true},"lazyLoad":true,"scheduler":4},{"date":1632572557150,"score":0,"responseTime":11687,"revealTime":9644,"scheduled":1632571172155,"isCram":true,"subQueueId":"dYazpgjaaaH7SrfCK","metadata":{"mobile":"UnknownPhone","showBadge":true,"cardsInSession":18,"cardsToday":18,"remainingCards":25},"schedulerMetadata":{"clusterPosition":0,"treePosition":0,"clusterRootPosition":0,"clusterType":"extra","howChoseLastCluster":"extra","clusterSize":1,"noHierarchy":true,"fromTree":true},"lazyLoad":true,"scheduler":4}],"t":2,"l":1632572557154},{"owner":"614d639d1b48ea00161e3f97","e":1632560770852,"c":"f","rId":"ku9CmxTmp4ABjyxBm","n":1632560770852,"a":1632560770852,"d":1632560770852,"createdAt":1632560770852,"u":1632560770852,"_id":"vCRsicnkFGWzcYfH6"},{"owner":"614d639d1b48ea00161e3f97","e":1632560770852,"c":"b","rId":"ku9CmxTmp4ABjyxBm","n":1632572557150,"a":1632572557150,"d":1632572557150,"createdAt":1632560770852,"u":1632572557154,"s":1632572732210,"_id":"27wNf5qH5YWiPNgor","h":[{"date":1632571172155,"score":0,"responseTime":4645,"revealTime":2606,"scheduled":1632560770852,"isCram":true,"subQueueId":"dYazpgjaaaH7SrfCK","metadata":{"mobile":"UnknownPhone","showBadge":true,"cardsInSession":8,"cardsToday":8,"remainingCards":26},"schedulerMetadata":{"clusterPosition":3,"treePosition":3,"clusterRootPosition":0,"clusterType":"extra","howChoseLastCluster":"extra","clusterSize":1,"noHierarchy":true,"fromTree":true},"lazyLoad":true,"scheduler":4},{"date":1632572557150,"score":0,"responseTime":11687,"revealTime":9644,"scheduled":1632571172155,"isCram":true,"subQueueId":"dYazpgjaaaH7SrfCK","metadata":{"mobile":"UnknownPhone","showBadge":true,"cardsInSession":18,"cardsToday":18,"remainingCards":25},"schedulerMetadata":{"clusterPosition":0,"treePosition":0,"clusterRootPosition":0,"clusterType":"extra","howChoseLastCluster":"extra","clusterSize":1,"noHierarchy":true,"fromTree":true},"lazyLoad":true,"scheduler":4}],"t":2,"l":1632572557154},{"owner":"614d639d1b48ea00161e3f97","e":1632560770852,"c":"f","rId":"ku9CmxTmp4ABjyxBm","n":1632560770852,"a":1632560770852,"d":1632560770852,"createdAt":1632560770852,"u":1632560770852,"_id":"vCRsicnkFGWzcYfH6"},{"owner":"614d639d1b48ea00161e3f97","e":1632560770852,"c":"b","rId":"ku9CmxTmp4ABjyxBm","n":1632572557150,"a":1632572557150,"d":1632572557150,"createdAt":1632560770852,"u":1632572557154,"s":1632572732210,"_id":"27wNf5qH5YWiPNgor","h":[{"date":1632571172155,"score":0,"responseTime":4645,"revealTime":2606,"scheduled":1632560770852,"isCram":true,"subQueueId":"dYazpgjaaaH7SrfCK","metadata":{"mobile":"UnknownPhone","showBadge":true,"cardsInSession":8,"cardsToday":8,"remainingCards":26},"schedulerMetadata":{"clusterPosition":3,"treePosition":3,"clusterRootPosition":0,"clusterType":"extra","howChoseLastCluster":"extra","clusterSize":1,"noHierarchy":true,"fromTree":true},"lazyLoad":true,"scheduler":4},{"date":1632572557150,"score":0,"responseTime":11687,"revealTime":9644,"scheduled":1632571172155,"isCram":true,"subQueueId":"dYazpgjaaaH7SrfCK","metadata":{"mobile":"UnknownPhone","showBadge":true,"cardsInSession":18,"cardsToday":18,"remainingCards":25},"schedulerMetadata":{"clusterPosition":0,"treePosition":0,"clusterRootPosition":0,"clusterType":"extra","howChoseLastCluster":"extra","clusterSize":1,"noHierarchy":true,"fromTree":true},"lazyLoad":true,"scheduler":4}],"t":2,"l":1632572557154},{"owner":"614d639d1b48ea00161e3f97","e":1632560770852,"c":"f","rId":"ku9CmxTmp4ABjyxBm","n":1632560770852,"a":1632560770852,"d":1632560770852,"createdAt":1632560770852,"u":1632560770852,"_id":"vCRsicnkFGWzcYfH6"},{"owner":"614d639d1b48ea00161e3f97","e":1632560770852,"c":"b","rId":"ku9CmxTmp4ABjyxBm","n":1632572557150,"a":1632572557150,"d":1632572557150,"createdAt":1632560770852,"u":1632572557154,"s":1632572732210,"_id":"27wNf5qH5YWiPNgor","h":[{"date":1632571172155,"score":0,"responseTime":4645,"revealTime":2606,"scheduled":1632560770852,"isCram":true,"subQueueId":"dYazpgjaaaH7SrfCK","metadata":{"mobile":"UnknownPhone","showBadge":true,"cardsInSession":8,"cardsToday":8,"remainingCards":26},"schedulerMetadata":{"clusterPosition":3,"treePosition":3,"clusterRootPosition":0,"clusterType":"extra","howChoseLastCluster":"extra","clusterSize":1,"noHierarchy":true,"fromTree":true},"lazyLoad":true,"scheduler":4},{"date":1632572557150,"score":0,"responseTime":11687,"revealTime":9644,"scheduled":1632571172155,"isCram":true,"subQueueId":"dYazpgjaaaH7SrfCK","metadata":{"mobile":"UnknownPhone","showBadge":true,"cardsInSession":18,"cardsToday":18,"remainingCards":25},"schedulerMetadata":{"clusterPosition":0,"treePosition":0,"clusterRootPosition":0,"clusterType":"extra","howChoseLastCluster":"extra","clusterSize":1,"noHierarchy":true,"fromTree":true},"lazyLoad":true,"scheduler":4}],"t":2,"l":1632572557154},{"owner":"614d639d1b48ea00161e3f97","e":1632560770852,"c":"f","rId":"ku9CmxTmp4ABjyxBm","n":1632560770852,"a":1632560770852,"d":1632560770852,"createdAt":1632560770852,"u":1632560770852,"_id":"vCRsicnkFGWzcYfH6"},{"owner":"614d639d1b48ea00161e3f97","e":1632560770852,"c":"b","rId":"ku9CmxTmp4ABjyxBm","n":1632572557150,"a":1632572557150,"d":1632572557150,"createdAt":1632560770852,"u":1632572557154,"s":1632572732210,"_id":"27wNf5qH5YWiPNgor","h":[{"date":1632571172155,"score":0,"responseTime":4645,"revealTime":2606,"scheduled":1632560770852,"isCram":true,"subQueueId":"dYazpgjaaaH7SrfCK","metadata":{"mobile":"UnknownPhone","showBadge":true,"cardsInSession":8,"cardsToday":8,"remainingCards":26},"schedulerMetadata":{"clusterPosition":3,"treePosition":3,"clusterRootPosition":0,"clusterType":"extra","howChoseLastCluster":"extra","clusterSize":1,"noHierarchy":true,"fromTree":true},"lazyLoad":true,"scheduler":4},{"date":1632572557150,"score":0,"responseTime":11687,"revealTime":9644,"scheduled":1632571172155,"isCram":true,"subQueueId":"dYazpgjaaaH7SrfCK","metadata":{"mobile":"UnknownPhone","showBadge":true,"cardsInSession":18,"cardsToday":18,"remainingCards":25},"schedulerMetadata":{"clusterPosition":0,"treePosition":0,"clusterRootPosition":0,"clusterType":"extra","howChoseLastCluster":"extra","clusterSize":1,"noHierarchy":true,"fromTree":true},"lazyLoad":true,"scheduler":4}],"t":2,"l":1632572557154},{"owner":"614d639d1b48ea00161e3f97","e":1632565203184,"c":"b","rId":"mT7cBARtcvWrqKFEA","n":1632565203184,"a":1632565203184,"d":1632565203184,"createdAt":1632565203184,"u":1632565203184,"_id":"zcbGsYkDpjCp9xeCT"},{"owner":"614d639d1b48ea00161e3f97","e":1632565203184,"c":"f","rId":"mT7cBARtcvWrqKFEA","n":1632572575547,"a":1632572575547,"d":1632572575547,"createdAt":1632565203184,"u":1632572575574,"s":1632572732210,"_id":"3j8cnctorPQ7Qqynv","h":[{"date":1632571197783,"score":0,"responseTime":25471,"revealTime":19945,"scheduled":1632565203184,"isCram":true,"subQueueId":"dYazpgjaaaH7SrfCK","metadata":{"mobile":"UnknownPhone","showBadge":true,"cardsInSession":9,"cardsToday":9,"remainingCards":26},"schedulerMetadata":{"clusterPosition":4,"treePosition":4,"clusterRootPosition":0,"clusterType":"extra","howChoseLastCluster":"extra","clusterSize":1,"noHierarchy":true,"fromTree":true},"lazyLoad":true,"scheduler":4},{"date":1632572575547,"score":0.5,"responseTime":18262,"revealTime":15535,"scheduled":1632571197783,"isCram":true,"subQueueId":"dYazpgjaaaH7SrfCK","metadata":{"mobile":"UnknownPhone","showBadge":true,"cardsInSession":19,"cardsToday":19,"remainingCards":25},"schedulerMetadata":{"clusterPosition":1,"treePosition":1,"clusterRootPosition":0,"clusterType":"extra","howChoseLastCluster":"extra","clusterSize":1,"noHierarchy":true,"fromTree":true},"lazyLoad":true,"scheduler":4}],"l":1632572575574},{"owner":"614d639d1b48ea00161e3f97","e":1632565228056,"c":"b","rId":"FdkuvYatttHiKAgaf","n":1632565228056,"a":1632565228056,"d":1632565228056,"createdAt":1632565228056,"u":1632565228056,"_id":"DEu7PNnyhLaFSXsdw"},{"owner":"614d639d1b48ea00161e3f97","e":1632565228056,"c":"f","rId":"FdkuvYatttHiKAgaf","n":1632648465049,"a":1632648465049,"d":1632648465049,"createdAt":1632565228056,"u":1632648465056,"s":1632577511223,"_id":"aFfc5eTiZoCsZbeSQ","h":[{"date":1632570953733,"score":0,"responseTime":8501,"revealTime":907,"scheduled":1632565228056,"isCram":true,"subQueueId":"dYazpgjaaaH7SrfCK","metadata":{"mobile":"UnknownPhone","showBadge":true,"cardsInSession":1,"cardsToday":1,"remainingCards":26},"lazyLoad":true,"scheduler":4},{"date":1632572412297,"score":0,"responseTime":15526,"revealTime":8840,"scheduled":1632570953733,"isCram":true,"subQueueId":"dYazpgjaaaH7SrfCK","metadata":{"mobile":"UnknownPhone","showBadge":true,"cardsInSession":13,"cardsToday":13,"remainingCards":27},"lazyLoad":true,"scheduler":4},{"date":1632577290541,"score":0.5,"responseTime":41701,"revealTime":30729,"scheduled":1632572412297,"isCram":true,"subQueueId":"dYazpgjaaaH7SrfCK","metadata":{"mobile":"UnknownPhone","showBadge":true,"cardsInSession":1,"cardsToday":22,"remainingCards":26},"lazyLoad":true,"scheduler":4},{"date":1632648465049,"score":0,"responseTime":14951,"revealTime":12057,"scheduled":1632577290541,"isCram":true,"subQueueId":"dYazpgjaaaH7SrfCK","metadata":{"mobile":null,"showBadge":true,"cardsInSession":2,"cardsToday":2,"remainingCards":26},"lazyLoad":false,"scheduler":2}],"l":1632648465056,"t":1},{"owner":"614d639d1b48ea00161e3f97","e":1632565228056,"c":"b","rId":"FdkuvYatttHiKAgaf","n":1632565228056,"a":1632565228056,"d":1632565228056,"createdAt":1632565228056,"u":1632565228056,"_id":"DEu7PNnyhLaFSXsdw"},{"owner":"614d639d1b48ea00161e3f97","e":1632565228056,"c":"f","rId":"FdkuvYatttHiKAgaf","n":1632648465049,"a":1632648465049,"d":1632648465049,"createdAt":1632565228056,"u":1632648465056,"s":1632577511223,"_id":"aFfc5eTiZoCsZbeSQ","h":[{"date":1632570953733,"score":0,"responseTime":8501,"revealTime":907,"scheduled":1632565228056,"isCram":true,"subQueueId":"dYazpgjaaaH7SrfCK","metadata":{"mobile":"UnknownPhone","showBadge":true,"cardsInSession":1,"cardsToday":1,"remainingCards":26},"lazyLoad":true,"scheduler":4},{"date":1632572412297,"score":0,"responseTime":15526,"revealTime":8840,"scheduled":1632570953733,"isCram":true,"subQueueId":"dYazpgjaaaH7SrfCK","metadata":{"mobile":"UnknownPhone","showBadge":true,"cardsInSession":13,"cardsToday":13,"remainingCards":27},"lazyLoad":true,"scheduler":4},{"date":1632577290541,"score":0.5,"responseTime":41701,"revealTime":30729,"scheduled":1632572412297,"isCram":true,"subQueueId":"dYazpgjaaaH7SrfCK","metadata":{"mobile":"UnknownPhone","showBadge":true,"cardsInSession":1,"cardsToday":22,"remainingCards":26},"lazyLoad":true,"scheduler":4},{"date":1632648465049,"score":0,"responseTime":14951,"revealTime":12057,"scheduled":1632577290541,"isCram":true,"subQueueId":"dYazpgjaaaH7SrfCK","metadata":{"mobile":null,"showBadge":true,"cardsInSession":2,"cardsToday":2,"remainingCards":26},"lazyLoad":false,"scheduler":2}],"l":1632648465056,"t":1},{"owner":"614d639d1b48ea00161e3f97","e":1632565228056,"c":"b","rId":"FdkuvYatttHiKAgaf","n":1632565228056,"a":1632565228056,"d":1632565228056,"createdAt":1632565228056,"u":1632565228056,"_id":"DEu7PNnyhLaFSXsdw"},{"owner":"614d639d1b48ea00161e3f97","e":1632565228056,"c":"f","rId":"FdkuvYatttHiKAgaf","n":1632648465049,"a":1632648465049,"d":1632648465049,"createdAt":1632565228056,"u":1632648465056,"s":1632577511223,"_id":"aFfc5eTiZoCsZbeSQ","h":[{"date":1632570953733,"score":0,"responseTime":8501,"revealTime":907,"scheduled":1632565228056,"isCram":true,"subQueueId":"dYazpgjaaaH7SrfCK","metadata":{"mobile":"UnknownPhone","showBadge":true,"cardsInSession":1,"cardsToday":1,"remainingCards":26},"lazyLoad":true,"scheduler":4},{"date":1632572412297,"score":0,"responseTime":15526,"revealTime":8840,"scheduled":1632570953733,"isCram":true,"subQueueId":"dYazpgjaaaH7SrfCK","metadata":{"mobile":"UnknownPhone","showBadge":true,"cardsInSession":13,"cardsToday":13,"remainingCards":27},"lazyLoad":true,"scheduler":4},{"date":1632577290541,"score":0.5,"responseTime":41701,"revealTime":30729,"scheduled":1632572412297,"isCram":true,"subQueueId":"dYazpgjaaaH7SrfCK","metadata":{"mobile":"UnknownPhone","showBadge":true,"cardsInSession":1,"cardsToday":22,"remainingCards":26},"lazyLoad":true,"scheduler":4},{"date":1632648465049,"score":0,"responseTime":14951,"revealTime":12057,"scheduled":1632577290541,"isCram":true,"subQueueId":"dYazpgjaaaH7SrfCK","metadata":{"mobile":null,"showBadge":true,"cardsInSession":2,"cardsToday":2,"remainingCards":26},"lazyLoad":false,"scheduler":2}],"l":1632648465056,"t":1},{"owner":"614d639d1b48ea00161e3f97","e":1632565228056,"c":"b","rId":"FdkuvYatttHiKAgaf","n":1632565228056,"a":1632565228056,"d":1632565228056,"createdAt":1632565228056,"u":1632565228056,"_id":"DEu7PNnyhLaFSXsdw"},{"owner":"614d639d1b48ea00161e3f97","e":1632565228056,"c":"f","rId":"FdkuvYatttHiKAgaf","n":1632648465049,"a":1632648465049,"d":1632648465049,"createdAt":1632565228056,"u":1632648465056,"s":1632577511223,"_id":"aFfc5eTiZoCsZbeSQ","h":[{"date":1632570953733,"score":0,"responseTime":8501,"revealTime":907,"scheduled":1632565228056,"isCram":true,"subQueueId":"dYazpgjaaaH7SrfCK","metadata":{"mobile":"UnknownPhone","showBadge":true,"cardsInSession":1,"cardsToday":1,"remainingCards":26},"lazyLoad":true,"scheduler":4},{"date":1632572412297,"score":0,"responseTime":15526,"revealTime":8840,"scheduled":1632570953733,"isCram":true,"subQueueId":"dYazpgjaaaH7SrfCK","metadata":{"mobile":"UnknownPhone","showBadge":true,"cardsInSession":13,"cardsToday":13,"remainingCards":27},"lazyLoad":true,"scheduler":4},{"date":1632577290541,"score":0.5,"responseTime":41701,"revealTime":30729,"scheduled":1632572412297,"isCram":true,"subQueueId":"dYazpgjaaaH7SrfCK","metadata":{"mobile":"UnknownPhone","showBadge":true,"cardsInSession":1,"cardsToday":22,"remainingCards":26},"lazyLoad":true,"scheduler":4},{"date":1632648465049,"score":0,"responseTime":14951,"revealTime":12057,"scheduled":1632577290541,"isCram":true,"subQueueId":"dYazpgjaaaH7SrfCK","metadata":{"mobile":null,"showBadge":true,"cardsInSession":2,"cardsToday":2,"remainingCards":26},"lazyLoad":false,"scheduler":2}],"l":1632648465056,"t":1},{"owner":"614d639d1b48ea00161e3f97","e":1632565265089,"c":"b","rId":"ASmu473sKKLQCWz9Y","n":1632565265089,"a":1632565265089,"d":1632565265089,"createdAt":1632565265089,"u":1632565265089,"_id":"zYugRvtrSadWpKefW"},{"owner":"614d639d1b48ea00161e3f97","e":1632565265089,"c":"f","rId":"ASmu473sKKLQCWz9Y","n":1632650250081,"a":1632650250081,"d":1632650250081,"createdAt":1632565265089,"u":1632648450087,"_id":"TbciH4hxsYPYrFeMP","h":[{"date":1632648450081,"score":0.5,"responseTime":24636,"revealTime":17035,"scheduled":1632565265089,"isCram":true,"subQueueId":"dYazpgjaaaH7SrfCK","metadata":{"mobile":null,"showBadge":true,"cardsInSession":1,"cardsToday":1,"remainingCards":27},"lazyLoad":false,"scheduler":2}],"l":1632648450087},{"owner":"614d639d1b48ea00161e3f97","e":1632565265089,"c":"b","rId":"ASmu473sKKLQCWz9Y","n":1632565265089,"a":1632565265089,"d":1632565265089,"createdAt":1632565265089,"u":1632565265089,"_id":"zYugRvtrSadWpKefW"},{"owner":"614d639d1b48ea00161e3f97","e":1632565265089,"c":"f","rId":"ASmu473sKKLQCWz9Y","n":1632650250081,"a":1632650250081,"d":1632650250081,"createdAt":1632565265089,"u":1632648450087,"_id":"TbciH4hxsYPYrFeMP","h":[{"date":1632648450081,"score":0.5,"responseTime":24636,"revealTime":17035,"scheduled":1632565265089,"isCram":true,"subQueueId":"dYazpgjaaaH7SrfCK","metadata":{"mobile":null,"showBadge":true,"cardsInSession":1,"cardsToday":1,"remainingCards":27},"lazyLoad":false,"scheduler":2}],"l":1632648450087},{"owner":"614d639d1b48ea00161e3f97","e":1632565284555,"c":"b","rId":"5TiCA2QAc9y7ztcWD","n":1632565284555,"a":1632565284555,"d":1632565284555,"createdAt":1632565284555,"u":1632565284555,"_id":"ayEbSSRiHptk7QCTi"},{"owner":"614d639d1b48ea00161e3f97","e":1632565284555,"c":"f","rId":"5TiCA2QAc9y7ztcWD","n":1632648425433,"a":1632648425433,"d":1632648425433,"createdAt":1632565284555,"u":1632648425434,"s":1632578654902,"_id":"hErLAJFGCZG8HHLsA","h":[{"date":1632570945041,"score":0,"responseTime":16792,"revealTime":7540,"scheduled":1632565284555,"isCram":true,"subQueueId":"dYazpgjaaaH7SrfCK","metadata":{"mobile":"UnknownPhone","showBadge":true,"cardsInSession":14,"cardsToday":0,"remainingCards":26},"lazyLoad":true,"scheduler":4},{"date":1632572396533,"score":0,"responseTime":6380,"revealTime":3903,"scheduled":1632570945041,"isCram":true,"subQueueId":"dYazpgjaaaH7SrfCK","metadata":{"mobile":"UnknownPhone","showBadge":true,"cardsInSession":12,"cardsToday":12,"remainingCards":27},"lazyLoad":true,"scheduler":4},{"date":1632577248637,"score":0,"responseTime":4427927,"revealTime":4410124,"scheduled":1632572396533,"isCram":true,"subQueueId":"dYazpgjaaaH7SrfCK","metadata":{"mobile":"UnknownPhone","showBadge":true,"cardsInSession":21,"cardsToday":21,"remainingCards":26},"lazyLoad":true,"scheduler":4},{"date":1632578377417,"score":0,"responseTime":5758,"revealTime":3061,"scheduled":1632577248637,"isCram":true,"subQueueId":"dYazpgjaaaH7SrfCK","metadata":{"mobile":"UnknownPhone","showBadge":true,"cardsInSession":3,"cardsToday":24,"remainingCards":23},"lazyLoad":true,"scheduler":4},{"date":1632648425433,"score":0.5,"responseTime":7037,"revealTime":4275,"scheduled":1632578377417,"isCram":true,"subQueueId":"dYazpgjaaaH7SrfCK","metadata":{"mobile":null,"showBadge":true,"cardsInSession":0,"cardsToday":0,"remainingCards":28},"lazyLoad":false,"scheduler":2}],"l":1632648425434},{"owner":"614d639d1b48ea00161e3f97","e":1632565265089,"c":"b","rId":"ASmu473sKKLQCWz9Y","n":1632565265089,"a":1632565265089,"d":1632565265089,"createdAt":1632565265089,"u":1632565265089,"_id":"zYugRvtrSadWpKefW"},{"owner":"614d639d1b48ea00161e3f97","e":1632565265089,"c":"f","rId":"ASmu473sKKLQCWz9Y","n":1632650250081,"a":1632650250081,"d":1632650250081,"createdAt":1632565265089,"u":1632648450087,"_id":"TbciH4hxsYPYrFeMP","h":[{"date":1632648450081,"score":0.5,"responseTime":24636,"revealTime":17035,"scheduled":1632565265089,"isCram":true,"subQueueId":"dYazpgjaaaH7SrfCK","metadata":{"mobile":null,"showBadge":true,"cardsInSession":1,"cardsToday":1,"remainingCards":27},"lazyLoad":false,"scheduler":2}],"l":1632648450087},{"owner":"614d639d1b48ea00161e3f97","e":1632565336529,"c":"f","rId":"w6dfb8C4JpJoxYPHB","n":1632572480884,"a":1632572480884,"d":1632572480884,"createdAt":1632565336529,"u":1632572480915,"s":1632572732210,"_id":"MsAkzEc45QcnA97QP","h":[{"date":1632572389970,"score":0,"responseTime":1178562,"revealTime":712,"scheduled":1632565336529,"isCram":true,"subQueueId":"dYazpgjaaaH7SrfCK","metadata":{"mobile":"UnknownPhone","showBadge":true,"cardsInSession":11,"cardsToday":11,"remainingCards":27},"schedulerMetadata":{"clusterPosition":6,"treePosition":6,"clusterRootPosition":0,"clusterType":"extra","howChoseLastCluster":"extra","clusterSize":1,"noHierarchy":true,"fromTree":true},"lazyLoad":true,"scheduler":4},{"date":1632572480884,"score":0,"responseTime":68424,"revealTime":36778,"scheduled":1632572389970,"isCram":true,"subQueueId":"dYazpgjaaaH7SrfCK","metadata":{"mobile":"UnknownPhone","showBadge":true,"cardsInSession":14,"cardsToday":14,"remainingCards":27},"schedulerMetadata":{"clusterPosition":6,"treePosition":6,"clusterRootPosition":0,"clusterType":"extra","howChoseLastCluster":"extra","clusterSize":1,"noHierarchy":true,"fromTree":true},"lazyLoad":true,"scheduler":4}],"t":2,"l":1632572480915},{"owner":"614d639d1b48ea00161e3f97","e":1632565336529,"c":"b","rId":"w6dfb8C4JpJoxYPHB","n":1632574381801,"a":1632574381801,"d":1632574381801,"createdAt":1632565336529,"u":1632572581830,"s":1632572732210,"_id":"hTTGDPifCiTJPodWa","h":[{"date":1632572581801,"score":0.5,"responseTime":6163,"revealTime":4383,"scheduled":1632565336529,"isCram":true,"subQueueId":"dYazpgjaaaH7SrfCK","metadata":{"mobile":"UnknownPhone","showBadge":true,"cardsInSession":20,"cardsToday":20,"remainingCards":24},"schedulerMetadata":{"clusterPosition":2,"treePosition":2,"clusterRootPosition":0,"clusterType":"extra","howChoseLastCluster":"extra","clusterSize":1,"noHierarchy":true,"fromTree":true},"lazyLoad":true,"scheduler":4}],"l":1632572581830},{"owner":"614d639d1b48ea00161e3f97","e":1632565265089,"c":"b","rId":"ASmu473sKKLQCWz9Y","n":1632565265089,"a":1632565265089,"d":1632565265089,"createdAt":1632565265089,"u":1632565265089,"_id":"zYugRvtrSadWpKefW"},{"owner":"614d639d1b48ea00161e3f97","e":1632565265089,"c":"f","rId":"ASmu473sKKLQCWz9Y","n":1632650250081,"a":1632650250081,"d":1632650250081,"createdAt":1632565265089,"u":1632648450087,"_id":"TbciH4hxsYPYrFeMP","h":[{"date":1632648450081,"score":0.5,"responseTime":24636,"revealTime":17035,"scheduled":1632565265089,"isCram":true,"subQueueId":"dYazpgjaaaH7SrfCK","metadata":{"mobile":null,"showBadge":true,"cardsInSession":1,"cardsToday":1,"remainingCards":27},"lazyLoad":false,"scheduler":2}],"l":1632648450087},{"owner":"614d639d1b48ea00161e3f97","e":1632565358948,"c":"b","rId":"GLjGnSkdHJYLieaP6","n":1632571211238,"a":1632571211238,"d":1632571211238,"createdAt":1632565358948,"u":1632571211264,"s":1632571488011,"_id":"L3YvDBBgfsyNByMFG","h":[{"date":1632571211238,"score":0,"responseTime":11226,"revealTime":9049,"scheduled":1632565358948,"isCram":true,"subQueueId":"dYazpgjaaaH7SrfCK","metadata":{"mobile":"UnknownPhone","showBadge":true,"cardsInSession":10,"cardsToday":10,"remainingCards":26},"schedulerMetadata":{"clusterPosition":5,"treePosition":5,"clusterRootPosition":0,"clusterType":"extra","howChoseLastCluster":"extra","clusterSize":1,"noHierarchy":true,"fromTree":true},"lazyLoad":true,"scheduler":4}],"t":1,"l":1632571211264},{"owner":"614d639d1b48ea00161e3f97","e":1632565358948,"c":"f","rId":"GLjGnSkdHJYLieaP6","n":1632648638065,"a":1632648638065,"d":1632648638065,"createdAt":1632565358948,"u":1632648638071,"s":1632578375296,"_id":"WmuScjSmK34zew6Aj","h":[{"date":1632570985973,"score":0,"responseTime":32101,"revealTime":6715,"scheduled":1632565358948,"isCram":true,"subQueueId":"dYazpgjaaaH7SrfCK","metadata":{"mobile":"UnknownPhone","showBadge":true,"cardsInSession":2,"cardsToday":2,"remainingCards":26},"lazyLoad":true,"scheduler":4},{"date":1632572526128,"score":0.5,"responseTime":45056,"revealTime":15406,"scheduled":1632570985973,"isCram":true,"subQueueId":"dYazpgjaaaH7SrfCK","metadata":{"mobile":"UnknownPhone","showBadge":true,"cardsInSession":15,"cardsToday":15,"remainingCards":26},"lazyLoad":true,"scheduler":4},{"date":1632578371419,"score":0,"responseTime":1080684,"revealTime":204163,"scheduled":1632572526128,"isCram":true,"subQueueId":"dYazpgjaaaH7SrfCK","metadata":{"mobile":"UnknownPhone","showBadge":true,"cardsInSession":2,"cardsToday":23,"remainingCards":23},"lazyLoad":true,"scheduler":4},{"date":1632648638065,"score":0.5,"responseTime":172975,"revealTime":2574,"scheduled":1632578371419,"isCram":true,"subQueueId":"dYazpgjaaaH7SrfCK","metadata":{"mobile":null,"showBadge":true,"cardsInSession":3,"cardsToday":3,"remainingCards":26},"lazyLoad":false,"scheduler":2}],"l":1632648638071},{"owner":"614d639d1b48ea00161e3f97","e":1632565502192,"c":"f","rId":"ohv6mR6fdfAgx4Rxa","n":1632565502192,"a":1632565502192,"d":1632565502192,"createdAt":1632565502192,"u":1632565502192,"_id":"FLJZrQyAzaAjJrvd5"},{"owner":"614d639d1b48ea00161e3f97","e":1632565502192,"c":"b","rId":"ohv6mR6fdfAgx4Rxa","n":1632565502192,"a":1632565502192,"d":1632565502192,"createdAt":1632565502192,"u":1632565502192,"_id":"XWBG6bk2sCwj9Qmz6"},{"owner":"614d639d1b48ea00161e3f97","e":1632565502192,"c":"f","rId":"ohv6mR6fdfAgx4Rxa","n":1632565502192,"a":1632565502192,"d":1632565502192,"createdAt":1632565502192,"u":1632565502192,"_id":"FLJZrQyAzaAjJrvd5"},{"owner":"614d639d1b48ea00161e3f97","e":1632565502192,"c":"b","rId":"ohv6mR6fdfAgx4Rxa","n":1632565502192,"a":1632565502192,"d":1632565502192,"createdAt":1632565502192,"u":1632565502192,"_id":"XWBG6bk2sCwj9Qmz6"},{"owner":"614d639d1b48ea00161e3f97","e":1632565518597,"c":"b","rId":"S6RSB3tjx3A5Z8nNi","n":1632565518597,"a":1632565518597,"d":1632565518597,"createdAt":1632565518597,"u":1632565518597,"_id":"AJ5fPqABjTrKCSoY2"},{"owner":"614d639d1b48ea00161e3f97","e":1632565518597,"c":"f","rId":"S6RSB3tjx3A5Z8nNi","n":1632572545149,"a":1632572545149,"d":1632572545149,"createdAt":1632565518597,"u":1632572545179,"s":1632572732210,"_id":"Q3bTBdjaFgn9BRonK","h":[{"date":1632570997663,"score":0,"responseTime":6567,"revealTime":5047,"scheduled":1632565518597,"isCram":true,"subQueueId":"dYazpgjaaaH7SrfCK","metadata":{"mobile":"UnknownPhone","showBadge":true,"cardsInSession":4,"cardsToday":4,"remainingCards":26},"lazyLoad":true,"scheduler":4},{"date":1632572545149,"score":0,"responseTime":7203,"revealTime":4592,"scheduled":1632570997663,"isCram":true,"subQueueId":"dYazpgjaaaH7SrfCK","metadata":{"mobile":"UnknownPhone","showBadge":true,"cardsInSession":17,"cardsToday":17,"remainingCards":25},"lazyLoad":true,"scheduler":4}],"t":2,"l":1632572545179},{"owner":"614d639d1b48ea00161e3f97","e":1632565502192,"c":"f","rId":"ohv6mR6fdfAgx4Rxa","n":1632565502192,"a":1632565502192,"d":1632565502192,"createdAt":1632565502192,"u":1632565502192,"_id":"FLJZrQyAzaAjJrvd5"},{"owner":"614d639d1b48ea00161e3f97","e":1632565502192,"c":"b","rId":"ohv6mR6fdfAgx4Rxa","n":1632565502192,"a":1632565502192,"d":1632565502192,"createdAt":1632565502192,"u":1632565502192,"_id":"XWBG6bk2sCwj9Qmz6"},{"owner":"614d639d1b48ea00161e3f97","e":1632565534038,"c":"f","rId":"SMEhzyQKSgfQPLhpz","n":1632565534038,"a":1632565534038,"d":1632565534038,"createdAt":1632565534038,"u":1632565534038,"_id":"zRyGqsNTnEvFBgZD4"},{"owner":"614d639d1b48ea00161e3f97","e":1632565534038,"c":"b","rId":"SMEhzyQKSgfQPLhpz","n":1632565534038,"a":1632565534038,"d":1632565534038,"createdAt":1632565534038,"u":1632565534038,"_id":"ZviDdzkHETEqbthuZ"},{"owner":"614d639d1b48ea00161e3f97","e":1632565502192,"c":"f","rId":"ohv6mR6fdfAgx4Rxa","n":1632565502192,"a":1632565502192,"d":1632565502192,"createdAt":1632565502192,"u":1632565502192,"_id":"FLJZrQyAzaAjJrvd5"},{"owner":"614d639d1b48ea00161e3f97","e":1632565502192,"c":"b","rId":"ohv6mR6fdfAgx4Rxa","n":1632565502192,"a":1632565502192,"d":1632565502192,"createdAt":1632565502192,"u":1632565502192,"_id":"XWBG6bk2sCwj9Qmz6"},{"owner":"614d639d1b48ea00161e3f97","e":1632565563899,"c":"b","rId":"KB3u39j6SvuitRGK8","n":1632565563899,"a":1632565563899,"d":1632565563899,"createdAt":1632565563899,"u":1632565563899,"_id":"DA3DwSCtjWfPpSX7b"},{"owner":"614d639d1b48ea00161e3f97","e":1632565563899,"c":"f","rId":"KB3u39j6SvuitRGK8","n":1632648651513,"a":1632648651513,"d":1632648651513,"createdAt":1632565563899,"u":1632648651519,"s":1632572732210,"_id":"KCEYGS2ZmZz8qM32D","h":[{"date":1632570990950,"score":0,"responseTime":4830,"revealTime":701,"scheduled":1632565563899,"isCram":true,"subQueueId":"dYazpgjaaaH7SrfCK","metadata":{"mobile":"UnknownPhone","showBadge":true,"cardsInSession":3,"cardsToday":3,"remainingCards":26},"lazyLoad":true,"scheduler":4},{"date":1632572537812,"score":0,"responseTime":11493,"revealTime":7206,"scheduled":1632570990950,"isCram":true,"subQueueId":"dYazpgjaaaH7SrfCK","metadata":{"mobile":"UnknownPhone","showBadge":true,"cardsInSession":16,"cardsToday":16,"remainingCards":25},"lazyLoad":true,"scheduler":4},{"date":1632648651513,"score":0,"responseTime":13430,"revealTime":4207,"scheduled":1632572537812,"isCram":true,"subQueueId":"dYazpgjaaaH7SrfCK","metadata":{"mobile":null,"showBadge":true,"cardsInSession":4,"cardsToday":4,"remainingCards":25},"lazyLoad":false,"scheduler":2}],"t":3,"l":1632648651519}]}