{"userId":"614d639d1b48ea00161e3f97","knowledgebaseId":"614d639d1b48ea00161e3f97","name":"Fawwaz","exportDate":"2021-09-26T09:38:45.644Z","exportVersion":1,"documentRemToExportId":"dYazpgjaaaH7SrfCK","docs":[{"createdAt":1632648992344,"u":1632649005129,"owner":"614d639d1b48ea00161e3f97","n":"","st":"default","ift":"1, 2","eb":1.3,"se":2.3,"lfs":"0, 1, 4","ei":4,"lni":0.1,"im":1,"md":1825,"_id":"rSqTXsoTWxijopH34"},{"createdAt":1632648992328,"u":1632648992328,"owner":"614d639d1b48ea00161e3f97","n":"","st":"default","ift":"1, 2","eb":1.3,"se":2.3,"lfs":"0, 1, 4","ei":4,"lni":0.1,"im":1,"md":1825,"_id":"vwpa9RKZRjN3R2bZt"}]}